msu_CSE 476,msu_CSE 335
mit_6.815,mit_6.005
cmu_15-150,cmu_15-112
illinois_CS 429,illinois_CS 427
caltech_CS 24,caltech_CS 11
stanford_CS 231N,stanford_CS 131
cmu_15-463,cmu_15-213
purdue_CS 64100,purdue_CS 54200
purdue_CS 62600,purdue_CS 52600
stanford_CS 247,stanford_CS 142
mit_6.632,mit_6.013
psu_CSE 545,psu_CSE 543
psu_CSE 531,psu_CSE 530
stanford_CS 262,stanford_CS 161
mit_6.581,mit_6.021
psu_CMPSC 302,psu_CMPSC 102
stanford_CS 224U,stanford_CS 221
stanford_CS 194,stanford_CS 161
illinois_CS 548,illinois_CS 446
purdue_CS 61500,purdue_CS 51400
maryland_CMSC 412,maryland_CMSC 330
cmu_15-405,cmu_15-410
caltech_CS 151,caltech_CS 38
mit_6.440,mit_6.045
mit_6.845,mit_6.045
stanford_CS 221,stanford_CS 107
psu_CMPSC 441,psu_CMPSC 122
stanford_CS 109,stanford_CS 106B
"princeton_COS  432,ELE  432",princeton_COS  217
cmu_15-365,cmu_15-213
mit_6.374,mit_6.004
caltech_CS 142,caltech_CS 24
psu_CMPSC 460,psu_CMPSC 462
cmu_15-441,cmu_15-213
stanford_CS 190,stanford_CS 140
iowa_CS:3820,iowa_CS:2630
psu_CSE 588,psu_CMPSC 465
iowa_CS:3620,iowa_CS:2630
mit_6.801,mit_6.003
psu_CMPSC 402,psu_CMPSC 121
mit_6.267,mit_6.042
mit_6.837,mit_6.005
msu_CSE 460,msu_CSE 331
cmu_15-451,cmu_15-210
stanford_CS 448Z,stanford_CS 248
stanford_CS 167,stanford_CS 161
illinois_CS 242,illinois_CS 241
cmu_15-466,cmu_15-462
illinois_CS 424,illinois_CS 241
stanford_CS 448Z,stanford_CS 148
msu_CSE 420,msu_CSE 260
cmu_15-414,cmu_15-251
maryland_CMSC 466,maryland_CMSC 131
mit_6.951,mit_6.922
maryland_CMSC 417,maryland_CMSC 330
caltech_CS 142,caltech_CS 38
psu_CMPSC 473,psu_CMPSC 311
mit_6.551,mit_6.003
msu_CSE 201,msu_CSE 101
mit_6.932,mit_6.033
mit_6.690,mit_6.013
princeton_COS  518,princeton_COS  318
iowa_CS:2110,iowa_CS:1110
caltech_CS 122,caltech_CS 38
psu_CSE 565,psu_CMPSC 465
mit_6.824,mit_6.033
caltech_SS/CS 241,caltech_SS/CS 149
msu_CSE 471,msu_CSE 331
illinois_CS 465,illinois_CS 225
psu_CMPSC 460,psu_CMPSC 469
stanford_CS 205A,stanford_CS 106B
caltech_CS/EE 146,caltech_CS/EE 143
mit_6.047,mit_6.006
mit_6.781,mit_6.161
psu_CSE 557,psu_CMPSC 450
illinois_CS 554,illinois_CS 457
cmu_15-294,cmu_15-112
stanford_CS 221,stanford_CS 109
msu_CSE 477,msu_CSE 331
maryland_CMSC 412,maryland_CMSC 351
mit_6.878,mit_6.041
caltech_CS 138,caltech_CS 21
cmu_15-417,cmu_15-317
maryland_CMSC 417,maryland_CMSC 351
mit_6.673,mit_6.012
princeton_COS  451,princeton_COS  226
psu_CSE 544,psu_CSE 543
caltech_CS 38,caltech_Ma/CS 6
mit_6.719,mit_6.003
psu_CSE 522,psu_CMPSC 461
illinois_CS 523,illinois_CS 425
caltech_CMS/CS/CNS/EE 155,caltech_CS/CNS/EE 156
cmu_15-354,cmu_15-251
"princeton_COS  375,ELE  375",princeton_COS  217
msu_CSE 335,msu_CSE 232
caltech_CS/EE 143,caltech_CS 38
illinois_CS 524,illinois_CS 475
mit_6.717,mit_6.003
iowa_CS:5810,iowa_CS:2820
illinois_CS 554,illinois_CS 450
caltech_CS 21,caltech_CS 2
maryland_CMSC 427,maryland_CMSC 420
illinois_CS 477,illinois_CS 225
psu_CMPSC 474,psu_CMPSC 312
mit_6.867,mit_6.041
mit_6.872,mit_6.034
iowa_CS:3910,iowa_CS:2520
caltech_CS 119,caltech_CS 116
mit_6.922,mit_6.921
psu_CMPSC 470,psu_CMPSC 462
cmu_15-491,cmu_15-122
mit_6.774,mit_6.152
iowa_CS:4400,iowa_CS:3330
stanford_CS 210A,stanford_CS 109
maryland_CMSC 132,maryland_CMSC 131
princeton_COS  318,princeton_COS  217
stanford_CS 245,stanford_CS 161
cmu_15-411,cmu_15-213
mit_6.871,mit_6.004
psu_CSE 564,psu_CSE 565
msu_CSE 498,msu_CSE 460
mit_6.172,mit_6.004
maryland_CMSC 421,maryland_CMSC 330
illinois_CS 467,illinois_CS 225
msu_CSE 498,msu_CSE 471
maryland_CMSC 723,maryland_CMSC 421
stanford_CS 157,stanford_CS 103
iowa_CS:5350,iowa_CS:3330
stanford_CS 225A,stanford_CS 223A
stanford_CS 265,stanford_CS 161
cmu_15-449,cmu_15-410
cmu_15-351,cmu_15-121
stanford_CS 124,stanford_CS 103
cmu_15-369,cmu_15-122
mit_6.344,mit_6.041
illinois_CS 233,illinois_CS 173
stanford_CS 224N,stanford_CS 221
mit_6.170,mit_6.006
iowa_CS:5800,iowa_CS:2820
stanford_CS 231M,stanford_CS 231A
mit_6.856,mit_6.042
cmu_15-313,cmu_15-214
mit_6.876,mit_6.875
illinois_CS 418,illinois_CS 225
stanford_CS 246,stanford_CS 109
msu_CSE 420,msu_CSE 320
iowa_CS:4980,iowa_CS:2230
psu_CMPSC 438,psu_CMPSC 312
psu_CMPSC 463,psu_CMPSC 462
stanford_CS 224U,stanford_CS 157
caltech_CS 121,caltech_CS 1
mit_6.552,mit_6.431
illinois_CS 548,illinois_CS 440
iowa_CS:5350,iowa_CS:4340
illinois_CS 493,illinois_CS 492
stanford_CS 371,stanford_CS 106A
psu_CMPSC 470,psu_CMPSC 312
iowa_CS:4980,iowa_CS:2110
msu_CSE 498,msu_CSE 480
mit_6.169,mit_6.002
purdue_CS 63500,purdue_CS 53500
mit_6.521,mit_6.003
psu_CMPSC 450,psu_CMPSC 121
stanford_CS 348B,stanford_CS 248
caltech_CS 138,caltech_CS 38
mit_6.503,mit_6.046
stanford_CS 106B,stanford_CS 106A
psu_CMPSC 311,psu_CMPSC 221
illinois_CS 579,illinois_CS 473
mit_6.830,mit_6.033
cmu_15-251,cmu_15-112
caltech_CMS/CS/EE 144,caltech_CS 38
stanford_CS 244B,stanford_CS 249A
cmu_15-417,cmu_15-312
caltech_BE/CS 196,caltech_BE/CS/CNS/Bi 191
princeton_COS  429,princeton_COS  217
stanford_CS 549,stanford_CS 147
msu_CSE 472,msu_CSE 335
illinois_CS 554,illinois_CS 555
msu_CSE 847,msu_CSE 841
psu_CMPSC 441,psu_CMPSC 360
illinois_CS 565,illinois_CS 465
maryland_CMSC 435,maryland_CMSC 420
psu_CMPSC 444,psu_CMPSC 430
mit_6.857,mit_6.042
mit_6.637,mit_6.003
mit_6.865,mit_6.005
mit_6.021,mit_6.071
iowa_CS:2620,iowa_CS:2110
mit_6.005,mit_6.042
illinois_CS 225,illinois_CS 173
purdue_CS 63600,purdue_CS 50300
mit_6.101,mit_6.071
stanford_CS 161,stanford_CS 103
stanford_CS 316,stanford_CS 149
mit_6.S04,mit_6.0001
psu_CMPSC 467,psu_CMPSC 360
cmu_15-492,cmu_15-122
maryland_CMSC 714,maryland_CMSC 411
illinois_CS 476,illinois_CS 373
cmu_15-295,cmu_15-122
caltech_CS 38,caltech_CS/EE/Ma 129
mit_6.621,mit_6.013
mit_6.376,mit_6.301
mit_6.375,mit_6.004
mit_6.849,mit_6.046
stanford_CS 227B,stanford_CS 103
illinois_CS 373,illinois_CS 225
cmu_15-414,cmu_15-122
maryland_CMSC 426,maryland_CMSC 420
iowa_CS:2111,iowa_CS:2110
illinois_CS 446,illinois_CS 373
stanford_CS 251,stanford_CS 110
princeton_COS  326,princeton_COS  226
mit_6.115,mit_6.002
stanford_CS 193A,stanford_CS 106B
mit_6.581,mit_6.336
illinois_CS 431,illinois_CS 241
purdue_CS 60300,purdue_CS 54200
cmu_15-381,cmu_15-122
mit_6.131,mit_6.002
illinois_CS 421,illinois_CS 233
iowa_CS:3980,iowa_CS:3110
stanford_CS 244B,stanford_CS 144
mit_6.945,mit_6.034
illinois_CS 544,illinois_CS 473
iowa_CS:2420,iowa_CS:2110
illinois_CS 525,illinois_CS 425
mit_6.851,mit_6.046
caltech_CS 119,caltech_CS 118
"princeton_COS  432,ELE  432",princeton_COS  226
cmu_15-440,cmu_15-213
illinois_CS 525,illinois_CS 438
mit_6.673,mit_6.013
illinois_CS 241,illinois_CS 225
maryland_CMSC 250H,maryland_CMSC 131
princeton_COS  597B,princeton_COS  226
illinois_CS 533,illinois_CS 433
maryland_CMSC 422,maryland_CMSC 330
illinois_CS 512,illinois_CS 412
msu_CSE 320,msu_CSE 232
iowa_CS:4340,iowa_CS:3330
cmu_15-237,cmu_15-112
illinois_CS 446,illinois_CS 440
stanford_CS 142,stanford_CS 107
mit_6.012,mit_6.002
maryland_CMSC 421,maryland_CMSC 351
iowa_CS:3330,iowa_CS:2230
cmu_15-319,cmu_15-213
mit_6.871,mit_6.006
illinois_CS 447,illinois_CS 373
maryland_CMSC 451,maryland_CMSC 351
cmu_15-321,cmu_15-213
msu_CSE 498,msu_CSE 435
mit_6.045,mit_6.042
maryland_CMSC 435,maryland_CMSC 412
mit_6.828,mit_6.005
stanford_CS 193P,stanford_CS 107
mit_6.456,mit_6.341
msu_CSE 498,msu_CSE 473
mit_6.268,mit_6.041
mit_6.301,mit_6.012
princeton_COS  402,princeton_COS  226
mit_6.823,mit_6.004
mit_6.690,mit_6.002
psu_CSE 552,psu_CMPSC 456
psu_CSE 550,psu_CMPSC 456
stanford_CS 231M,stanford_CS 232
mit_6.846,mit_6.004
stanford_CS 155,stanford_CS 110
mit_6.437,mit_6.008
mit_6.828,mit_6.033
psu_CMPSC 485W,psu_CMPSC 484
maryland_CMSC 460,maryland_CMSC 131
mit_6.641,mit_6.013
stanford_CS 231B,stanford_CS 229
mit_6.011,mit_6.003
caltech_CS/EE 145,caltech_CMS/CS/EE 144
iowa_CS:3210,iowa_CS:2110
maryland_CMSC 725,maryland_CMSC 424
cmu_15-381,cmu_15-211
psu_CMPSC 312,psu_CMPSC 121
cmu_15-610,cmu_15-410
mit_6.732,mit_6.730
illinois_CS 460,illinois_CS 461
mit_6.456,mit_6.011
mit_6.374,mit_6.012
mit_6.241,mit_6.003
maryland_CMSC 434,maryland_CMSC 330
psu_CMPSC 475,psu_CMPSC 312
psu_CMPSC 442,psu_CMPSC 465
cmu_15-392,cmu_15-213
psu_CSE 552,psu_CMPSC 451
illinois_CS 546,illinois_CS 446
psu_CSE 532,psu_CSE 530
msu_CSE 251,msu_CSE 131
msu_CSE 498,msu_CSE 335
mit_6.161,mit_6.003
mit_6.839,mit_6.005
iowa_CS:2820,iowa_CS:2230
mit_6.632,mit_6.630
maryland_CMSC 351,maryland_CMSC 250
msu_CSE 429,msu_CSE 101
cmu_15-456,cmu_15-451
caltech_CS 119,caltech_CS 1
princeton_COS  451,princeton_COS  340
stanford_CS 241,stanford_CS 107
cmu_15-386,cmu_15-112
caltech_CS 101,caltech_CS 21
psu_CMPSC 497B,psu_CMPSC 122
illinois_CS 527,illinois_CS 429
mit_6.503,mit_6.034
illinois_CS 524,illinois_CS 476
msu_CSE 335,msu_CSE 260
psu_CMPSC 472,psu_CMPSC 312
psu_CMPSC 430,psu_CMPSC 462
mit_6.503,mit_6.021
psu_CSE 563,psu_CSE 565
psu_CSE 539,psu_CSE 530
stanford_CS 231N,stanford_CS 229
mit_6.021,mit_6.002
caltech_CS 11,caltech_CS 1
psu_CMPSC 313,psu_CMPSC 312
maryland_CMSC 351,maryland_CMSC 216
illinois_CS 473,illinois_CS 373
iowa_CS:5620,iowa_CS:3330
purdue_CS 63800,purdue_CS 53600
illinois_CS 563,illinois_CS 463
caltech_CS 4,caltech_CS 1
iowa_CS:4640,iowa_CS:2630
caltech_CS/CNS 174,caltech_CS/CNS 171
stanford_CS 166,stanford_CS 107
stanford_CS 242,stanford_CS 107
iowa_CS:5610,iowa_CS:3620
mit_6.061,mit_6.002
mit_6.02,mit_6.01
illinois_CS 573,illinois_CS 373
mit_6.552,mit_6.041
maryland_CMSC 330,maryland_CMSC 216
msu_CSE 320,msu_CSE 260
cmu_15-415,cmu_15-210
mit_6.728,mit_6.003
maryland_CMSC 414,maryland_CMSC 351
caltech_BE/CS/CNS/Bi 191,caltech_CS 21
psu_CMPSC 438,psu_CMPSC 221
msu_CSE 480,msu_CSE 331
mit_6.115,mit_6.004
mit_6.243,mit_6.241
illinois_CS 579,illinois_CS 475
mit_6.814,mit_6.033
illinois_CS 519,illinois_CS 418
mit_6.952,mit_6.951
cmu_15-351,cmu_15-122
illinois_CS 420,illinois_CS 225
illinois_CS 466,illinois_CS 225
mit_6.853,mit_6.046
psu_CSE 543,psu_CMPSC 461
maryland_CMSC 430,maryland_CMSC 351
mit_6.858,mit_6.005
iowa_CS:4980,iowa_CS:2820
purdue_CS 62600,purdue_CS 55500
illinois_CS 445,illinois_CS 225
psu_CMPSC 472,psu_CMPSC 462
maryland_CMSC 435,maryland_CMSC 433
princeton_COS  340,princeton_COS  226
mit_6.034,mit_6.01
mit_6.835,mit_6.005
mit_6.131,mit_6.003
stanford_CS 448J,stanford_CS 103
mit_6.835,mit_6.034
cmu_15-300,cmu_15-251
stanford_CS 239,stanford_CS 221
mit_6.441,mit_6.041
iowa_CS:4740,iowa_CS:1210
psu_CMPSC 421,psu_CMPSC 221
msu_CSE 498,msu_CSE 440
illinois_CS 477,illinois_CS 373
psu_CSE 562,psu_CSE 565
msu_CSE 914,msu_CSE 814
iowa_CS:3980,iowa_CS:2110
maryland_CMSC 420,maryland_CMSC 351
psu_CMPSC 461,psu_CMPSC 360
iowa_CS:3910,iowa_CS:2420
princeton_COS  513,princeton_COS  402
caltech_CMS/CS 139,caltech_CS 38
maryland_CMSC 423,maryland_CMSC 351
illinois_CS 463,illinois_CS 461
caltech_CS/CNS/EE 156,caltech_CS 2
iowa_CS:4700,iowa_CS:2630
stanford_CS 224U,stanford_CS 124
stanford_CS 224U,stanford_CS 224N
iowa_CS:3210,iowa_CS:1210
psu_CMPSC 426,psu_CMPSC 221
stanford_CS 224N,stanford_CS 124
mit_6.0002,mit_6.0001
psu_CMPSC 483W,psu_CMPSC 465
illinois_CS 425,illinois_CS 241
mit_6.602,mit_6.013
illinois_CS 233,illinois_CS 225
illinois_CS 438,illinois_CS 241
caltech_CS 153,caltech_CS 38
caltech_CMS/CS/EE 144,caltech_Ma/CS 6
cmu_15-465,cmu_15-462
psu_CMPSC 474,psu_CMPSC 122
mit_6.061,mit_6.013
cmu_15-312,cmu_15-251
mit_6.THM,mit_6.UAT
cmu_15-322,cmu_15-112
stanford_CS 251P,stanford_CS 110
msu_CSE 498,msu_CSE 484
mit_6.345,mit_6.041
mit_6.450,mit_6.011
illinois_CS 450,illinois_CS 357
psu_CMPSC 475,psu_CMPSC 462
mit_6.581,mit_6.034
stanford_CS 108,stanford_CS 107
illinois_CS 583,illinois_CS 573
mit_6.731,mit_6.012
iowa_CS:4440,iowa_CS:2820
psu_CSE 557,psu_CMPSC 451
mit_6.442,mit_6.041
msu_CSE 476,msu_CSE 320
caltech_CS 122,caltech_CS 2
stanford_CS 154,stanford_CS 103
psu_CSE 597A,psu_CMPSC 465
mit_6.011,mit_6.008
"princeton_COS  109,EGR  109","princeton_COS  126,EGR  126"
msu_CSE 472,msu_CSE 331
stanford_CS 90SI,stanford_CS 106B
iowa_CS:4350,iowa_CS:2210
psu_CMPSC 483W,psu_CMPSC 221
psu_CSE 536,psu_CSE 530
mit_6.854,mit_6.046
illinois_CS 411,illinois_CS 225
mit_6.521,mit_6.071
mit_6.452,mit_6.450
iowa_CS:3820,iowa_CS:2230
illinois_CS 410,illinois_CS 225
illinois_CS 450,illinois_CS 101
illinois_CS 555,illinois_CS 450
mit_6.630,mit_6.007
iowa_CS:3210,iowa_CS:3110
mit_6.814,mit_6.006
psu_CSE 551,psu_CMPSC 456
psu_CMPSC 459,psu_CMPSC 122
psu_CMPSC 122,psu_CMPSC 121
caltech_CS/EE 143,caltech_CS 24
mit_6.035,mit_6.005
mit_6.334,mit_6.012
mit_6.438,mit_6.041
illinois_CS 427,illinois_CS 225
illinois_CS 463,illinois_CS 475
iowa_CS:3980,iowa_CS:1210
psu_CMPSC 469,psu_CMPSC 360
illinois_CS 546,illinois_CS 473
msu_CSE 251,msu_CSE 231
mit_6.111,mit_6.002
iowa_CS:4520,iowa_CS:3330
psu_CMPSC 448,psu_CMPSC 122
msu_CSE 498,msu_CSE 425
stanford_CS 145,stanford_CS 103
cmu_15-424,cmu_15-122
cmu_15-300,cmu_15-210
maryland_CMSC 466,maryland_CMSC 106
cmu_15-424,cmu_15-251
stanford_CS 142,stanford_CS 108
msu_CSE 331,msu_CSE 232
stanford_CS 327A,stanford_CS 223A
illinois_CS 423,illinois_CS 241
caltech_CS 115,caltech_CS 4
maryland_CMSC 414,maryland_CMSC 330
illinois_CS 233,illinois_CS 125
caltech_CS 38,caltech_CS 2
cmu_15-390,cmu_15-221
mit_6.870,mit_6.869
mit_6.858,mit_6.033
cmu_15-383,cmu_15-122
maryland_CMSC 733,maryland_CMSC 420
illinois_CS 555,illinois_CS 457
msu_CSE 440,msu_CSE 331
mit_6.262,mit_6.041
caltech_CS/SS 152,caltech_CS 38
psu_CMPSC 450,psu_CMPSC 201
stanford_CS 279,stanford_CS 106A
mit_6.011,mit_6.041
mit_6.021,mit_6.003
msu_CSE 471,msu_CSE 335
caltech_CS 38,caltech_CS 21
mit_6.170,mit_6.005
illinois_CS 419,illinois_CS 418
cmu_15-312,cmu_15-210
iowa_CS:4420,iowa_CS:3330
mit_6.345,mit_6.003
msu_CSE 484,msu_CSE 331
mit_6.854,mit_6.041
stanford_CS 243,stanford_CS 103
mit_6.775,mit_6.301
iowa_CS:4330,iowa_CS:3330
cmu_15-464,cmu_15-462
maryland_CMSC 430,maryland_CMSC 330
psu_CSE 541,psu_CMPSC 431W
mit_6.856,mit_6.854
stanford_CS 110,stanford_CS 107
caltech_CS 176,caltech_CS/CNS 171
psu_CSE 537,psu_CSE 530
mit_6.242,mit_6.241
stanford_CS 181,stanford_CS 106B
msu_CSE 843,msu_CSE 440
mit_6.033,mit_6.004
psu_CMPSC 443,psu_CMPSC 473
illinois_CS 427,illinois_CS 373
maryland_CMSC 433,maryland_CMSC 330
mit_6.819,mit_6.041
maryland_CMSC 434,maryland_CMSC 351
cmu_15-122,cmu_15-112
mit_6.852,mit_6.046
caltech_CS 123,caltech_CS 122
maryland_CMSC 456,maryland_CMSC 351
illinois_CS 574,illinois_CS 473
mit_6.685,mit_6.690
stanford_CS 103A,stanford_CS 103
mit_6.005,mit_6.01
stanford_CS 103,stanford_CS 106A
maryland_CMSC 216,maryland_CMSC 132
psu_CSE 555,psu_CMPSC 456
caltech_EE/CS 53,caltech_EE/CS 52
psu_CSE 520,psu_CMPSC 461
cmu_15-437,cmu_15-214
princeton_COS  226,"princeton_COS  126,EGR  126"
msu_CSE 201,msu_CSE 131
psu_CMPSC 444,psu_CMPSC 221
mit_6.008,mit_6.01
iowa_CS:5850,iowa_CS:3330
illinois_CS 522,illinois_CS 426
mit_6.850,mit_6.046
psu_CMPSC 465,psu_CMPSC 360
maryland_CMSC 436,maryland_CMSC 330
mit_6.344,mit_6.003
mit_6.142,mit_6.141
mit_6.438,mit_6.436
mit_6.521,mit_6.002
psu_CSE 565,psu_CMPSC 464
mit_6.440,mit_6.006
stanford_CS 107E,stanford_CS 106B
mit_6.630,mit_6.003
cmu_15-349,cmu_15-122
maryland_CMSC 714,maryland_CMSC 412
stanford_CS 261,stanford_CS 161
caltech_CS 115,caltech_CS 1
illinois_CS 522,illinois_CS 422
mit_6.863,mit_6.034
mit_6.522,mit_6.013
mit_6.267,mit_6.041
stanford_CS 247,stanford_CS 106B
msu_CSE 232,msu_CSE 231
stanford_CS 92SI,stanford_CS 106A
cmu_15-385,cmu_15-122
mit_6.830,mit_6.006
mit_6.830,mit_6.046
iowa_CS:5620,iowa_CS:3620
cmu_15-355,cmu_15-251
mit_6.642,mit_6.641
illinois_CS 544,illinois_CS 450
msu_CSE 473,msu_CSE 331
psu_CMPSC 458,psu_CMPSC 311
cmu_15-494,cmu_15-213
mit_6.115,mit_6.003
cmu_15-214,cmu_15-121
stanford_CS 476B,stanford_CS 476A
stanford_CS 196,stanford_CS 1C
purdue_CS 63500,purdue_CS 58000
msu_CSE 836,msu_CSE 331
stanford_CS 276,stanford_CS 161
iowa_CS:3640,iowa_CS:2630
stanford_CS 251,stanford_CS 255
stanford_CS 148,stanford_CS 107
mit_6.869,mit_6.042
maryland_CMSC 436,maryland_CMSC 351
illinois_CS 373,illinois_CS 173
stanford_CS 124,stanford_CS 109
mit_6.262,mit_6.431
cmu_15-462,cmu_15-213
mit_6.701,mit_6.003
msu_CSE 476,msu_CSE 331
psu_CMPSC 464,psu_CMPSC 465
stanford_CS 143,stanford_CS 103
caltech_CS 116,caltech_CS 1
mit_6.503,mit_6.336
mit_6.453,mit_6.011
iowa_CS:2111,iowa_CS:1210
psu_CMPSC 426,psu_CMPSC 462
mit_6.816,mit_6.006
msu_CSE 498,msu_CSE 450
psu_CMPSC 465,psu_CMPSC 122
mit_6.101,mit_6.002
mit_6.871,mit_6.005
msu_CSE 435,msu_CSE 331
mit_6.172,mit_6.005
stanford_CS 168,stanford_CS 107
msu_CSE 471,msu_CSE 320
stanford_CS 221,stanford_CS 103
mit_6.522,mit_6.021
msu_CSE 498,msu_CSE 472
mit_6.231,mit_6.041
stanford_CS 367,stanford_CS 161
maryland_CMSC 250,maryland_CMSC 131
maryland_CMSC 424,maryland_CMSC 330
psu_CMPSC 487W,psu_CMPSC 462
mit_6.776,mit_6.301
mit_6.832,mit_6.141
psu_CSE 511,psu_CMPSC 473
stanford_CS 275,stanford_CS 106A
msu_CSE 410,msu_CSE 232
illinois_CS 440,illinois_CS 225
mit_6.S04,mit_6.01
stanford_CS 210B,stanford_CS 210A
cmu_15-346,cmu_15-213
mit_6.856,mit_6.041
maryland_CMSC 420,maryland_CMSC 330
illinois_CS 414,illinois_CS 241
illinois_CS 563,illinois_CS 461
"princeton_ELE  475,COS  475","princeton_COS  375,ELE  375"
purdue_CS 65500,purdue_CS 52600
psu_CMPSC 487W,psu_CMPSC 221
purdue_CS 65500,purdue_CS 55500
psu_CMPSC 397A,psu_CMPSC 360
purdue_CS 61400,purdue_CS 51400
psu_CMPSC 462,psu_CMPSC 360
illinois_CS 421,illinois_CS 373
maryland_CMSC 424,maryland_CMSC 351
mit_6.UAP,mit_6.UAT
princeton_COS  429,princeton_COS  226
mit_6.869,mit_6.041
iowa_CS:2630,iowa_CS:2230
cmu_15-210,cmu_15-150
mit_6.820,mit_6.035
iowa_CS:5520,iowa_CS:4520
stanford_CS 109,stanford_CS 103
psu_CMPSC 475,psu_CMPSC 311
mit_6.833,mit_6.034
mit_6.731,mit_6.728
mit_6.905,mit_6.034
caltech_CS 3,caltech_CS 2
iowa_CS:3820,iowa_CS:2820
caltech_CS 122,caltech_CS 121
cmu_15-455,cmu_15-251
stanford_CS 246,stanford_CS 145
stanford_CS 276,stanford_CS 109
mit_6.631,mit_6.013
iowa_CS:4500,iowa_CS:2520
psu_CMPSC 457,psu_CMPSC 122
psu_CMPSC 470,psu_CMPSC 469
illinois_CS 494,illinois_CS 492
stanford_CS 211,stanford_CS 107
maryland_CMSC 423,maryland_CMSC 330
cmu_15-453,cmu_15-251
cmu_15-294,cmu_15-104
stanford_CS 194,stanford_CS 110
mit_6.047,mit_6.041
illinois_CS 173,illinois_CS 125
mit_6.951,mit_6.921
cmu_15-317,cmu_15-150
mit_6.035,mit_6.004
illinois_CS 457,illinois_CS 357
illinois_CS 527,illinois_CS 428
mit_6.839,mit_6.837
mit_6.046,mit_6.006
stanford_CS 345D,stanford_CS 145
illinois_CS 225,illinois_CS 125
mit_6.006,mit_6.01
msu_CSE 429,msu_CSE 231
stanford_CS 367,stanford_CS 154
iowa_CS:5850,iowa_CS:3820
illinois_CS 524,illinois_CS 422
psu_CSE 551,psu_CMPSC 451
psu_CSE 557,psu_CMPSC 455
illinois_CS 525,illinois_CS 423
mit_6.730,mit_6.013
maryland_CMSC 456,maryland_CMSC 330
maryland_CMSC 666,maryland_CMSC 466
maryland_CMSC 460,maryland_CMSC 106
maryland_CMSC 411,maryland_CMSC 330
stanford_CS 240H,stanford_CS 106B
msu_CSE 498,msu_CSE 420
cmu_15-415,cmu_15-211
mit_6.853,mit_6.006
psu_CMPSC 461,psu_CMPSC 221
msu_CSE 425,msu_CSE 422
mit_6.581,mit_6.046
illinois_CS 450,illinois_CS 125
iowa_CS:4400,iowa_CS:2230
illinois_CS 461,illinois_CS 241
mit_6.033,mit_6.02
princeton_COS  217,"princeton_COS  126,EGR  126"
caltech_CS 150,caltech_CS 38
mit_6.256,mit_6.251
cmu_15-383,cmu_15-121
msu_CSE 410,msu_CSE 260
stanford_CS 9,stanford_CS 106B
illinois_CS 428,illinois_CS 427
mit_6.730,mit_6.728
cmu_15-323,cmu_15-122
caltech_CS/SS 152,caltech_CS 24
iowa_CS:2230,iowa_CS:1210
princeton_COS  318,princeton_COS  226
illinois_CS 476,illinois_CS 225
mit_6.932,mit_6.005
stanford_CS 374,stanford_CS 161
stanford_CS 276,stanford_CS 107
caltech_SS/CS 149,caltech_CS 38
stanford_CS 124,stanford_CS 107
stanford_CS 229T,stanford_CS 229
mit_6.838,mit_6.837
mit_6.111,mit_6.071
mit_6.777,mit_6.003
purdue_CS 66100,purdue_CS 50200
psu_CMPSC 450,psu_CMPSC 202
mit_6.435,mit_6.241
illinois_CS 538,illinois_CS 438
purdue_CS 63800,purdue_CS 50300
caltech_CMS/CS 139,caltech_Ma/CS 6
cmu_15-418,cmu_15-213
psu_CMPSC 484,psu_CMPSC 221
mit_6.552,mit_6.003
stanford_CS 147,stanford_CS 106B
cmu_15-213,cmu_15-122
iowa_CS:4440,iowa_CS:2230
mit_6.842,mit_6.046
maryland_CMSC 435,maryland_CMSC 430
maryland_CMSC 725,maryland_CMSC 420
purdue_CS 60300,purdue_CS 50300
mit_6.131,mit_6.007
mit_6.875,mit_6.046
mit_6.866,mit_6.003
caltech_CS 2,caltech_CS 1
mit_6.814,mit_6.046
mit_6.634,mit_6.013
mit_6.685,mit_6.061
stanford_CS 294S,stanford_CS 103
mit_6.829,mit_6.033
msu_CSE 473,msu_CSE 335
msu_CSE 435,msu_CSE 335
stanford_CS 194H,stanford_CS 147
mit_6.870,mit_6.801
caltech_SS/CS 149,caltech_CS 24
mit_6.175,mit_6.004
msu_CSE 429,msu_CSE 131
mit_6.819,mit_6.042
stanford_CS 240,stanford_CS 140
mit_6.864,mit_6.046
stanford_CS 168,stanford_CS 161
stanford_CS 374,stanford_CS 262
illinois_CS 241,illinois_CS 233
caltech_CS 123,caltech_CS 121
illinois_CS 426,illinois_CS 421
mit_6.806,mit_6.046
mit_6.831,mit_6.005
caltech_CS 124,caltech_CS 24
cmu_15-359,cmu_15-251
stanford_CS 231B,stanford_CS 228
mit_6.263,mit_6.041
cmu_15-414,cmu_15-211
stanford_CS 248,stanford_CS 148
mit_6.781,mit_6.152
mit_6.438,mit_6.008
illinois_CS 210,illinois_CS 225
iowa_CS:3910,iowa_CS:2620
illinois_CS 528,illinois_CS 427
stanford_CS 247,stanford_CS 147
cmu_15-410,cmu_15-213
illinois_CS 422,illinois_CS 421
mit_6.437,mit_6.041
cmu_15-211,cmu_15-121
cmu_15-387,cmu_15-112
stanford_CS 245,stanford_CS 145
msu_CSE 420,msu_CSE 232
cmu_15-457,cmu_15-451
stanford_CS 244,stanford_CS 144
caltech_CS 101,caltech_CS 38
stanford_CS 348A,stanford_CS 248
psu_CMPSC 470,psu_CMPSC 221
illinois_CS 475,illinois_CS 373
mit_6.874,mit_6.041
psu_CMPSC 475,psu_CMPSC 465
msu_CSE 331,msu_CSE 260
psu_CMPSC 488,psu_CMPSC 487W
maryland_CMSC 422,maryland_CMSC 351
iowa_CS:4980,iowa_CS:3110
stanford_CS 251P,stanford_CS 255
cmu_15-451,cmu_15-251
psu_CMPSC 456,psu_CMPSC 455
psu_CMPSC 221,psu_CMPSC 122
stanford_CS 166,stanford_CS 161
stanford_CS 231B,stanford_CS 221
psu_CMPSC 436,psu_CMPSC 312
mit_6.254,mit_6.041
psu_CSE 560,psu_CSE 565
psu_CMPSC 460,psu_CMPSC 312
illinois_CS 484,illinois_CS 241
msu_CSE 498,msu_CSE 410
mit_6.434,mit_6.431
stanford_CS 246,stanford_CS 107
mit_6.813,mit_6.005
princeton_COS  340,"princeton_COS  126,EGR  126"
psu_CMPSC 442,psu_CMPSC 122
cmu_15-121,cmu_15-112
psu_CMPSC 471,psu_CMPSC 461
mit_6.836,mit_6.006
msu_CSE 450,msu_CSE 331
mit_6.UAR,mit_6.UR
cmu_15-210,cmu_15-122
cmu_15-214,cmu_15-122
maryland_CMSC 330,maryland_CMSC 250
illinois_CS 412,illinois_CS 225
caltech_CS 151,caltech_CS 21
caltech_CMS/CS 139,caltech_CS 138
mit_6.803,mit_6.034
psu_CMPSC 484,psu_CMPSC 465
illinois_CS 433,illinois_CS 233
illinois_CS 511,illinois_CS 411
mit_6.857,mit_6.033
psu_CMPSC 431W,psu_CMPSC 221
mit_6.341,mit_6.011
mit_6.302,mit_6.003
mit_6.878,mit_6.006
caltech_CS 153,caltech_CS 21
stanford_CS 107,stanford_CS 106B
illinois_CS 526,illinois_CS 426
mit_6.854,mit_6.042
cmu_15-421,cmu_15-112
mit_6.720,mit_6.012
mit_6.442,mit_6.042
msu_CSE 410,msu_CSE 320
caltech_CMS/CS 139,caltech_CS 21
stanford_CS 144,stanford_CS 110
maryland_CMSC 435,maryland_CMSC 417
stanford_CS 140,stanford_CS 110
mit_6.556,mit_6.011
cmu_15-300,cmu_15-213
cmu_15-415,cmu_15-213
psu_CMPSC 302,psu_CMPSC 121
illinois_CS 523,illinois_CS 423
msu_CSE 450,msu_CSE 320
msu_CSE 422,msu_CSE 410
psu_CMPSC 475,psu_CMPSC 221
psu_CSE 542,psu_CSE 541
mit_6.245,mit_6.241
mit_6.115,mit_6.007
illinois_CS 523,illinois_CS 433
mit_6.172,mit_6.006
msu_CSE 498,msu_CSE 422
mit_6.006,mit_6.042
stanford_CS 267,stanford_CS 161
stanford_CS 221,stanford_CS 106X
mit_6.036,mit_6.01
maryland_CMSC 631,maryland_CMSC 330
mit_6.437,mit_6.436
cmu_15-412,cmu_15-410
stanford_CS 221,stanford_CS 106B
purdue_CS 64100,purdue_CS 54100
stanford_CS 448J,stanford_CS 205A
