Random_graph,Mathematics
Knowledge_representation_and_reasoning,Algorithm_design
Natural_language_processing,Natural_language
Algorithm,Combinatorics
System_programming,Unix
Random_graph,Combinatorics
Mathematical_induction,Mathematical_proof
Computer_vision,Image_processing
Randomness,Mathematics
Computer_science,Number_theory
Database,Data_(computing)
Machine_learning,Graph_theory
Type_system,Programming_language
Variable_(computer_science),Programming_language
Computer_programming,Logic
Distributed_computing,Operating_system
Monte_Carlo_method,Computation
First-order_logic,Recursion
Lexical_analysis,Formal_grammar
Algorithm,Mathematics
Shortest_path_problem,NP-complete
Probability_theory,Algebra
System_programming,Computer_programming
Graphical_user_interface,Computer
Profiling_(computer_programming),Algorithm
Complexity_class,Algorithm
Computer_graphics,Geometry
Relational_database,Computer_programming
Software_development,Software_design
Geometric_modeling,Computational_geometry
Computational_complexity_theory,Complexity
Statistical_inference,Data
Martingale_(probability_theory),Markov_chain
Arithmetic_logic_unit,Digital_electronics
Data_mining,Artificial_intelligence
Divide_and_conquer_algorithm,Algorithm_design
Unix,Computer
Robotics,Robot
Computer_security,Mathematics
Cache_coherence,Shared_memory
Parsing,Finite-state_machine
Malware,Authentication
Firewall_(computing),Information_assurance
Relational_model,Database
Compiler,Computer_architecture
Atomicity_(database_systems),Database
Bioinformatics,Computer_programming
Machine_learning,Markov_chain
Algebra,Mathematics
B-tree,Data_structure
PageRank,Expected_value
Computer_network,Computer_science
Concurrency_(computer_science),Operating_system
Algorithm,Iterative_method
Multi-core_processor,Thread_(computer_science)
Software_engineering,Computer_programming
Large_deviations_theory,Probability_theory
Control_flow,Computer
Monte_Carlo_method,Algorithm
Human-computer_interaction,Interactivity
Programming_paradigm,Computer_science
Computer_programming,Computer_science
Computer_graphics,Computer_science
Computational_geometry,Computer_science
Geometric_modeling,Algorithm
Computer_vision,Geometry
Geometry,Matrix_(mathematics)
Visualization_(computer_graphics),Computer_graphics
Profiling_(computer_programming),Computer_programming
Graphical_model,Random_variable
Algorithm,Logic
String_(computer_science),Computer_programming
Relational_database,Relational_model
Query_language,Computer_programming
Machine_learning,Computational_complexity_theory
Matrix_(mathematics),Mathematics
Theory_of_computation,Computer_science
Object-oriented_programming,High-level_programming_language
Index_(database),Computer_programming
Computational_chemistry,Computer_science
Machine_learning,Statistical_inference
Suffix_tree,String_searching_algorithm
3D_modeling,Algorithm
Analysis_of_algorithms,Probability_theory
Programming_language,Data_structure
Combinatorics,Finite_set
Fourier_analysis,Polynomial
Vector_processor,Parallel_computing
Mobile_device,Computer
Newton's_method,Approximation
Computational_chemistry,Algorithm
Symbol_table,Compiler
Formal_language,Logic
Document_classification,Machine_learning
Cryptography,Computer_science
Reinforcement_learning,Machine_learning
Logic,Foundations_of_mathematics
Partial_differential_equation,Mathematics
Dynamic_programming,Algorithm
Knowledge_representation_and_reasoning,Mathematics
Stochastic_process,Continuous_function
Machine_learning,Computational_science
Haskell_(programming_language),Computer_programming
Abstraction_(computer_science),Computer_science
Rendering_(computer_graphics),Computer_graphics
Software_engineering,Computational_complexity_theory
Inequality_(mathematics),Mathematics
Central_processing_unit,Computer_architecture
Programming_paradigm,Programming_language
Computational_complexity_theory,Computational_problem
Combinatorics,Mathematics
Image_analysis,Computer_science
Distributed_computing,Computer_network
Haskell_(programming_language),Functional_programming
Data_type,Computer_science
Complexity,Algorithm
P_versus_NP_problem,Algorithm
Scripting_language,Programming_language
Algorithm_design,Computer_science
Computer_science,Foundations_of_mathematics
Scope_(computer_science),Programming_language
Modular_programming,Scope_(computer_science)
Computer_graphics,Graphics
Computer_vision,Analysis_of_algorithms
Parallel_computing,Computing
Natural_language_processing,Unsupervised_learning
List_of_undecidable_problems,Computational_problem
Ray_tracing_(graphics),Rendering_(computer_graphics)
Social_network,Graph_theory
Statistical_hypothesis_testing,Data
Artificial_intelligence,Numerical_analysis
Software_development,Data_structure
Communications_protocol,Algorithm
Question_answering,Expert_system
Algorithm,Mathematical_induction
Information_theory,Probability_theory
Stochastic_process,Random_variable
Distributed_computing,Computer_programming
Graphical_model,Data
Recursively_enumerable_set,Finite_set
Machine_translation,Algorithm
Computational_complexity_theory,Integer
Programming_language,Computer
Propositional_calculus,Logic
C++,Computer
Scope_(computer_science),Computer_programming
Shortest_path_problem,Graph_theory
Inter-process_communication,Data
Parsing,String_(computer_science)
Lexical_analysis,Regular_expression
Computer_security,Security
Data_mining,Data
Robotics,Analysis_of_algorithms
Algorithm,Theoretical_computer_science
Hidden_Markov_model,Dynamic_programming
Computer_graphics,Computer
Sentiment_analysis,Machine_learning
Computational_geometry,Algorithm
Quantum_computer,Theoretical_computer_science
Communications_protocol,Communication
Mathematical_optimization,Linear_algebra
Data_mining,Database
Theoretical_computer_science,Computation
Concurrency_control,Database_management_system
Java_(programming_language),Computer_programming
Communications_protocol,Synchronization
Artificial_intelligence,Logic
Operating_system,Central_processing_unit
Cryptography,Mathematical_proof
Boundary_value_problem,Ordinary_differential_equation
Probability,Mathematics
Recurrence_relation,Algorithm
Object-oriented_programming,Abstract_data_type
Mathematical_optimization,Algorithm
Relational_database_management_system,Relational_algebra
String_(computer_science),Data_structure
Markov_chain,Conditional_probability
Undecidable_problem,Computational_complexity_theory
Concurrency_(computer_science),Computation
Poisson_distribution,Expected_value
Arithmetic_logic_unit,Computer
Markov_chain,Random_variable
Computer_security,Computer_science
Automated_theorem_proving,Mathematical_induction
Statistical_inference,Random_variable
Computer_animation,Computational_geometry
Random_walk,Graph_theory
Artificial_intelligence,Reason
Malware,Computer_security
Relational_database_management_system,Relational_database
Compiler_optimization,Assembly_language
Embedded_system,Operating_system
Concurrent_computing,Computer
Signal_processing,Probability
Pattern_matching,Functional_programming
Estimation_theory,Expected_value
Computational_complexity_theory,Mathematics
Ordinary_differential_equation,Polynomial
Recursion_(computer_science),Algorithm
Object-oriented_programming,Computer_science
Query_language,Programming_language
Computational_geometry,Algorithm_design
Game_theory,Mathematical_model
Computer_graphics,Image
Computer_animation,Mathematics
Formal_language,String_(computer_science)
Network_security,Computer_security
Relational_model,Data
Relational_database,Database_management_system
Time_complexity,Computer_science
Random_graph,Graph_theory
Relational_database,Computer_science
Algorithm,Computation
Computer_science,Computer
Turing_machine,Computation
Graphical_model,Statistical_inference
Kalman_filter,Expected_value
Coding_theory,Computer_science
Recurrence_relation,Mathematics
Programming_paradigm,Data_structure
Computer_network,Data
Probability,Uncertainty
Autonomous_robot,Robotics
Analysis_of_algorithms,Algorithm
NP_(complexity),Computer_science
Genetic_algorithm,Algorithm
Speech_recognition,Markov_chain
Internet,Routing
NP_(complexity),Turing_machine
Autonomous_robot,Motion_planning
SQL,Database
Python_(programming_language),Object-oriented_programming
Calculus,Algebra
Software_engineering,Computer
Correlation_and_dependence,Random_variable
Finite_set,Mathematics
Monad_(functional_programming),Computation
Cryptography,Algorithm
SQL,Computer_science
Pipeline_(computing),Central_processing_unit
Data_warehouse,Data_structure
Haskell_(programming_language),Programming_language
Software_engineering,Computer_science
Programmer,Programming_language
Interpolation,Numerical_analysis
Finite-state_machine,Computer_science
Cache_coherence,Parallel_computing
Cluster_analysis,Computer_science
Automated_theorem_proving,Predicate_logic
NP_(complexity),Computational_complexity_theory
Computer_graphics,Algorithm_design
Graphical_model,Machine_learning
Markov_chain,Expected_value
Lexical_analysis,Finite-state_machine
Finite_difference,Numerical_analysis
Graphics_processing_unit,Parallel_computing
Recursion_(computer_science),Computer_programming
Transaction_processing,Database
Compiler,Regular_expression
Wireless_sensor_network,Communication
B-tree,Computer_science
Computational_complexity_theory,Foundations_of_mathematics
Information_assurance,Information_security
Web_browser,Computer
Mathematical_proof,Mathematics
Computational_complexity_theory,Computer_science
Python_(programming_language),Computer_programming
Relational_model,Predicate_logic
Compiler,Computer_science
CPU_cache,Computer_architecture
Divide_and_conquer_algorithm,Algorithm
Computer_programming,Computer
Object-oriented_programming,Design_pattern_(computer_science)
Randomized_algorithm,Computational_complexity_theory
Computational_complexity_theory,Algorithm_design
Polynomial,Integer
Algorithm,Polynomial
Parallel_computing,Central_processing_unit
String_searching_algorithm,Algorithm
Object-oriented_programming,Object_(computer_science)
Application_software,Computer
String_searching_algorithm,Regular_expression
Complexity,Mathematics
Neural_network,Machine_learning
Parsing,Data_structure
Analysis_of_algorithms,Turing_machine
Martingale_(probability_theory),Expected_value
Monte_Carlo_method,Statistical_inference
Parametric_polymorphism,Data_type
Finite_difference,Boundary_value_problem
Java_(programming_language),Compiler
Concurrency_control,Algorithm_design
"Best,_worst_and_average_case",Computer_science
Model_checking,Computer_science
Machine_translation,Artificial_intelligence
Parsing,Context-free_language
Machine_learning,Artificial_intelligence
Discrete_mathematics,Mathematical_proof
Computer_graphics,Computer_programming
PSPACE,Turing_machine
Graph_theory,Graph_(mathematics)
Randomized_algorithm,Random_variable
Information_theory,Conditional_probability
Semantics_of_programming_languages,Programming_language
Hash_table,"Best,_worst_and_average_case"
Object_(computer_science),Computer_science
Data_structure,Computer_science
Recursion,Control_flow
C++,Object-oriented_programming
Operating_system,Computer
Authentication,Information_security
Deadlock,Operating_system
Functional_programming,Computer_science
System_call,Operating_system
Lisp_(programming_language),Scope_(computer_science)
Computational_problem,Computer_science
Gradient_descent,Mathematical_optimization
Algorithm,Problem_solving
Perl,Compiler
Pattern_recognition,Probability
Java_(programming_language),Scope_(computer_science)
Machine_learning,Computer
Volume_rendering,Computer_graphics
Computer_network,Data_(computing)
Complexity_class,Computational_complexity_theory
Concurrency_control,Computer_science
Python_(programming_language),Computer
Recursively_enumerable_set,Algorithm
Randomized_algorithm,Randomization
Compiler,Programming_language
Analysis_of_algorithms,Combinatorics
Java_(programming_language),Data_structure
Software_engineering,Data_structure
Parallel_algorithm,Algorithm
Interaction_design,User_interface
Web_search_engine,Algorithm
Computer_software,Operating_system
Packet_switching,Computer_network
Routing,Computer
Rendering_(computer_graphics),Shading
Operating_system,Computing
Lazy_evaluation,Programming_language
Algorithm,Abstraction_(computer_science)
Programming_language,Computability
Autonomous_robot,Robot
Numerical_analysis,Mathematics
Speech_recognition,Computer_science
Program_analysis,Computer_science
Functional_programming,Computer_programming
Reinforcement_learning,Artificial_intelligence
Sparse_matrix,Matrix_(mathematics)
Sentiment_analysis,Document_classification
Image_processing,Computer_programming
Computer_vision,Computer_programming
Big_data,Computer_science
Database_management_system,Database
Algebra,Arithmetic
Graph_coloring,Dynamic_programming
User_interface_design,Computer
Central_processing_unit,Computer
Parallel_algorithm,Computer_science
Cryptography,Computer_security
Cryptanalysis,Mathematics
Computational_chemistry,Computer_programming
Analysis_of_algorithms,Computational_complexity_theory
Internet_Protocol_Suite,Computer
Divide_and_conquer_algorithm,Recursion
String_searching_algorithm,Introduction_to_Algorithms
MATLAB,Programming_language
Computer_science,Discrete_mathematics
Software_development,Object-oriented_programming
Sentiment_analysis,Natural_language_processing
Scripting_language,Computer_programming
Pushdown_automaton,Computability
Random_walk,Expected_value
Formal_language,Discrete_mathematics
Hidden_Markov_model,Probability_theory
Database_design,Data_structure
ML_(programming_language),Functional_programming
Polymorphism_(computer_science),Programming_language
Scheduling_(computing),Operating_system
Database_design,Relational_model
Embedded_system,Microprocessor
Least_squares,Numerical_analysis
Monte_Carlo_method,Integral
Computational_complexity_theory,Computability
Distributed_computing,Computational_problem
Discrete_mathematics,Mathematics
Exponential_family,Random_variable
Hidden_Markov_model,Artificial_intelligence
Concurrency_control,Analysis_of_algorithms
Computational_geometry,Computational_science
Stochastic_process,Randomness
Random_walk,Graph_(mathematics)
Recursion,Algorithm
Ray_tracing_(graphics),Computer_graphics
Automatic_programming,Computer_programming
Firewall_(computing),Data
Algorithm,Discrete_mathematics
Linear_programming,Algorithm
Software_design,Programming_language
Imperative_programming,Control_flow
Kernel_(computing),Operating_system
Computer,Arithmetic
Sufficient_statistic,Data
Unsupervised_learning,Machine_learning
Parsing,Algorithm
Object-oriented_programming,Programming_language
Correlation_and_dependence,Data
Programming_language,Automata_theory
Hash_table,Data_(computing)
Distributed_algorithms,Algorithm
Monad_(functional_programming),Functional_programming
Firewall_(computing),Network_security
Finite-state_machine,Theory_of_computation
Analysis_of_algorithms,Computational_science
Semidefinite_programming,Approximation_algorithm
Unix,Operating_system
Database_design,Database
High-level_programming_language,Computer_science
Database_design,Database_system
Computational_complexity_theory,Theoretical_computer_science
Superscalar,Multi-core_processor
Graph_theory,Mathematics
Model_of_computation,Computation
Peer-to-peer,Computer_network
Quantum_computer,Computer_science
Markov_chain,Probability_theory
C_(programming_language),Computer
Analysis_of_algorithms,Asymptotic_analysis
Lisp_(programming_language),Programming_language
Stochastic_process,Randomization
Computer_security,Computer
Functional_programming,Recursion
Knowledge_representation_and_reasoning,Logic
Machine_learning,Probability
Traffic_analysis,Cryptography
Automated_planning_and_scheduling,Artificial_intelligence
Undecidable_problem,Algorithm
Cryptography,Mathematics
Correlation_and_dependence,Expected_value
Dynamic_programming,Computer_science
CPU_cache,Computer
Document_classification,Computer_science
Linear_algebra,Mathematics
Arithmetic_logic_unit,Combinational_logic
Speech_recognition,Machine_learning
Stochastic_process,Probability
Computing,Computation
Database,Data
Game_theory,Probability_theory
Computer_programming,Algorithm
Quantum_mechanics,Randomness
Computational_learning_theory,Probability
Neural_network,Algorithm
Control_flow,Programming_language
Calculus_of_variations,Integral
Knowledge_representation_and_reasoning,Data_structure
Algorithm,Foundations_of_mathematics
Regular_language,Finite-state_machine
Cloud_computing,Computer_network
Java_(programming_language),Computer
Python_(programming_language),Variable_(computer_science)
Computer_network,Communications_protocol
Social_network,Graph_(mathematics)
Mathematical_optimization,Integer
Object-oriented_programming,Data_type
Artificial_intelligence,Data_structure
Natural_language_processing,Computer_science
Spanning_tree,Mathematics
Computer_vision,Pattern_recognition
Regular_language,Computability
Robot,Computation
Cryptography,Number_theory
JavaScript,Programming_language
Approximation_algorithm,Algorithm
Decision_theory,Statistical_inference
Object-oriented_programming,Variable_(computer_science)
Approximation_algorithm,Introduction_to_Algorithms
Compiler,Assembly_language
Software_design,Java_(programming_language)
Memory_management,Operating_system
Halting_problem,Computability
Linear_system,Matrix_(mathematics)
Assembly_language,Syntax
NP-complete,Algorithm
Graph_coloring,Graph_theory
Lexical_analysis,Programming_language
P_versus_NP_problem,Integer
Superscalar,Computer_architecture
Symbol_table,Computer_science
Quantum_mechanics,Continuous_function
Round-off_error,Numerical_analysis
Computer_vision,Algorithm_design
Newton's_method,Numerical_analysis
Polymorphism_(computer_science),Abstract_data_type
Structured_programming,Programming_language
Computer_programming,Computing
Sufficient_statistic,Statistical_inference
Randomized_algorithm,Introduction_to_Algorithms
Randomized_algorithm,Algorithm
SQL,Programming_language
Programmer,Computer_programming
Hidden_line_removal,Algorithm
Computer,Digital_electronics
Queue_(data_structure),Array_data_structure
Database_system,Database
Poisson_distribution,Random_variable
Concurrency_(computer_science),Parallel_computing
Cryptanalysis,Cryptography
Malware,Information_security
Robot,Artificial_intelligence
Functional_programming,Programming_language
Ordinary_differential_equation,Nonlinear_system
Application_programming_interface,Programming_language
Lexical_analysis,Computer_science
Data_structure,Data_type
Formal_grammar,String_(computer_science)
Computer_software,Computer
Processor_register,Stack_(data_structure)
Analysis_of_algorithms,Mathematical_induction
Scientific_visualization,Computer_graphics
Bioinformatics,Analysis_of_algorithms
Garbage_collection_(computer_science),Computer_science
Prolog,Logic_programming
NP-complete,Computational_complexity_theory
List_of_undecidable_problems,Computability
Hash_table,Data_structure
Dynamic_memory_allocation,Operating_system
Software_testing,Software_development
Pushdown_automaton,String_(computer_science)
Internet_Protocol_Suite,Computer_network
Data_mining,Computer_science
Internet,Telecommunications_network
Automated_theorem_proving,Mathematical_proof
Model_of_computation,Computer_science
Stochastic,Probability_theory
C_(programming_language),Computer_programming
Application_programming_interface,Computer_programming
Mathematical_optimization,Matrix_(mathematics)
Natural_language_processing,Algorithm_design
Predicate_logic,Foundations_of_mathematics
3D_computer_graphics,Image_processing
Computer_programming,Arithmetic
Lisp_(programming_language),Logic_programming
Numerical_analysis,Matrix_(mathematics)
C_(programming_language),Computing
OSI_model,Computer_network
Bayesian_network,Conditional_probability
Cryptography,Modular_arithmetic
Iterative_method,Numerical_analysis
Assembly_language,Programming_language
Computer_network,Computer
File_system,Computing
Database,Data_structure
Graph_(mathematics),Mathematics
Computational_geometry,Analysis_of_algorithms
Malware,Computer_network
Recursively_enumerable_set,Recursion
Firewall_(computing),Vulnerability_(computing)
Recursion_(computer_science),Programming_language
Turing_machine,Automata_theory
Imperative_programming,Variable_(computer_science)
Economics,Mathematical_optimization
Probability_theory,Mathematics
Query_optimization,SQL
Decision_theory,Algorithm
Decision_theory,Random_variable
Multiplication,Mathematics
Genetic_algorithm,Computer_science
Machine_learning,Expected_value
Message_Passing_Interface,Inter-process_communication
Estimation_theory,Probability
Approximation_algorithm,Mathematical_optimization
HTML,Computer
Relational_model,Data_type
Mathematical_optimization,Mathematical_model
Dynamic_memory_allocation,Array_data_structure
Calculus,Arithmetic
Parallel_algorithm,Parallel_computing
Personal_computer,Computer
Quantum_mechanics,Probability
Parallel_computing,Lock_(computer_science)
Time_complexity,Computational_complexity_theory
Discrete_mathematics,Algebra
Ordinary_differential_equation,Numerical_analysis
Computer_vision,Computer_science
Computational_complexity_theory,Theory_of_computation
Lisp_(programming_language),Functional_programming
Computer_architecture,Computer_science
Parametric_polymorphism,Programming_language
Game_theory,Mathematical_optimization
Computational_geometry,Computer_graphics
Pushdown_automaton,Automata_theory
Poisson_distribution,Probability_theory
Server_(computing),Computer
Query_optimization,Database
Transaction_processing,Computer_science
JavaScript,World_Wide_Web
Java_(programming_language),Object-oriented_programming
System_programming,Operating_system
Theoretical_computer_science,Mathematics
MapReduce,Parallel_computing
Artificial_intelligence,Programming_language
Algorithm_design,Mathematics
String_searching_algorithm,Computer_science
Finite_element_method,Polynomial
Imperative_programming,Computer
Information_theory,Random_variable
Computer_graphics,Algorithm
Virtual_memory,Computing
Linear_programming,Mathematical_optimization
Bayesian_network,Random_variable
Human-computer_interaction,Interface_(computing)
Pushdown_automaton,Theory_of_computation
Computer_vision,Artificial_intelligence
Cryptography,Authentication
Scalability,Software_design
Virtual_memory,Memory_hierarchy
Machine_learning,Mathematical_optimization
Assembly_language,Computer_science
Graph_theory,Computational_science
Parsing,Regular_language
Quantum_computer,Computational_complexity_theory
Digital_signature,Algorithm
Knowledge_representation_and_reasoning,Computer_science
Finite-state_machine,Logic
Amortized_analysis,Computer_science
Monad_(functional_programming),Input/output
Programming_paradigm,Computational_science
Parsing,Algorithm_design
Robotics,Artificial_intelligence
Index_(database),Relational_database
Microcode,Computer
Halting_problem,Theory_of_computation
Computability,Computer_science
Formal_verification,Computer_science
Inheritance_(object-oriented_programming),Programming_language
Computer_architecture,Computer
Turing_machine,Mathematics
Distributed_computing,Computational_complexity_theory
Lexical_analysis,Regular_language
Routing,OSI_model
Public-key_cryptography,Discrete_mathematics
Instruction_set,Computer
Design_of_experiments,Statistical_hypothesis_testing
Web_server,Operating_system
Machine_learning,Computer_science
Robotics,Computer_programming
Software_development,Computer_programming
Partial_differential_equation,Differential_equation
Imperative_programming,Higher-order_function
Software_engineering,Theory_of_computation
Machine_learning,Probability_theory
Congestion_control,Computer_network
Robotics,Kinematics
Query_optimization,Database_management_system
Scheduling_(computing),Computing
Boundary_value_problem,Partial_differential_equation
Computer_graphics,Personal_computer
Statistics,Randomness
Software_engineering,Algorithm
Operating_system,Input/output
Computer_programming,Computational_complexity_theory
Recursion,Logic
PSPACE,Computational_complexity_theory
Artificial_intelligence,Computational_complexity_theory
Model_checking,Algorithm
Pattern_matching,String_(computer_science)
Public-key_cryptography,Algorithm
Compiler,Parsing
Syntax,Natural_language
Semantics,Syntax
Natural_language_processing,Artificial_intelligence
Internet,Computer_network
Natural_language_processing,Graph_theory
Imperative_programming,Computer_science
Graphics_processing_unit,Computer_graphics
Database,Operating_system
Halting_problem,Turing_machine
Analysis_of_algorithms,Computation
Mathematical_optimization,Random_variable
Message_Passing_Interface,Synchronization
Denotational_semantics,Programming_language
Artificial_intelligence,Computer_programming
Bayesian_probability,Conditional_probability
Relational_database,Relational_algebra
Query_optimization,Relational_database
Internet,OSI_model
Turing_machine,Theory_of_computation
Microcode,Assembly_language
Natural_language_processing,Machine_learning
Multi-core_processor,Vector_processor
Formal_language,Computer_science
Object-oriented_programming,Data
Distributed_computing,Mutual_exclusion
Robotics,Computer_science
Decision_theory,Statistical_hypothesis_testing
Prolog,String_(computer_science)
Algorithm_design,Analysis_of_algorithms
Formal_methods,Analysis_of_algorithms
Haskell_(programming_language),Scope_(computer_science)
Graphical_user_interface,Computer_science
User_interface,Computer
Bayesian_probability,Probability
Symmetric_multiprocessing,Concurrency_(computer_science)
Algorithm_design,Algorithm
Computer_graphics,Data
Artificial_intelligence,Graph_theory
Robotics,Speech_recognition
Computer_vision,Mathematical_optimization
Hidden_Markov_model,Probability
Pattern_recognition,Computer_science
Modular_arithmetic,Discrete_mathematics
Time_complexity,Turing_machine
Variable_(computer_science),Computer_programming
Procedural_programming,Computer_science
Interpolation,Mathematics
Coding_theory,Theoretical_computer_science
Theoretical_computer_science,Computer_science
Analysis_of_algorithms,Introduction_to_Algorithms
Computer_animation,Rendering_(computer_graphics)
Parsing,Programming_language
Quantum_cryptography,Cryptography
World_Wide_Web,Computer
Gradient_descent,Algorithm
Linear_algebra,Matrix_(mathematics)
Concurrency_(computer_science),Computer_science
Programming_language,Computer_science
Computer_animation,Computer_graphics
Bayesian_probability,Random_variable
Cryptanalysis,Information_security
Linked_list,Computer_science
Algorithm,Computer_science
Support_vector_machine,Algorithm
Polynomial,Mathematics
Partial_differential_equation,Numerical_analysis
Database,Algorithm_design
Analysis_of_algorithms,Mathematics
Analysis_of_algorithms,Graph_theory
Index_(database),Computer_science
Turing_machine,Finite-state_machine
Ordinary_differential_equation,Mathematics
Linear_programming,Matrix_(mathematics)
Parsing,Natural_language
Functional_programming,Recursion_(computer_science)
Scripting_language,Computer
Numerical_analysis,Polynomial
Tensor,Mathematics
SQL,Computer_programming
Object-oriented_programming,Structured_programming
Functional_programming,Generic_programming
Interactivity,Computer_science
Database_management_system,Database_transaction
Cryptographic_hash_function,Information_security
Database_management_system,Computer
Randomized_algorithm,Conditional_probability
Statistics,Data
Entropy,Probability
Combinatorics,Algebra
Computational_complexity_theory,Algorithm
Calculus_of_variations,Continuous_function
Finite_difference,Polynomial
Speech_recognition,Artificial_intelligence
Computer_science,Graph_theory
Perl,Computer
Firewall_(computing),Computer_security
Artificial_intelligence,Algorithm
Very_long_instruction_word,Computer_architecture
Database_design,Relational_database
Software_framework,Computer_programming
Inter-process_communication,Operating_system
Sequence_alignment,Probability
Logic_programming,Computer_programming
Machine_learning,Computer_programming
Pushdown_automaton,Finite-state_machine
Java_(programming_language),Programming_language
Software_testing,Computer_programming
Flow_network,Introduction_to_Algorithms
Abstract_data_type,Integer
Computational_geometry,Computer
Inheritance_(object-oriented_programming),Object_(computer_science)
Data_mining,Programming_language
Embedded_system,Computer
Analysis_of_algorithms,Computer_science
Software_design,Computer_programming
Martingale_(probability_theory),Random_variable
Array_data_structure,Data_structure
Motion_capture,Computer_graphics
Feature_extraction,Algorithm
Statistical_inference,Probability
Transaction_processing,Concurrency_control
Computational_complexity_theory,Polynomial
Linear_algebra,Polynomial
Markov_process,Conditional_probability
Question_answering,Artificial_intelligence
Formal_methods,Computer_programming
Web_server,Computer
Rendering_(computer_graphics),Computer
Estimation_theory,Statistical_inference
Computer_animation,Image
Transaction_processing,Computer_programming
Visualization_(computer_graphics),Geometry
Statistics,Mathematics
Markov_process,Probability_theory
High-level_programming_language,Computer
Control_flow,Scope_(computer_science)
Artificial_intelligence,Mathematics
Multi-core_processor,Central_processing_unit
Database_management_system,Relational_algebra
Computer_simulation,Computer_science
Undecidable_problem,Mathematical_proof
Robotics,Mechanical_engineering
Input/output,Computer
Instruction_set,Computer_architecture
Mathematical_optimization,Arithmetic
Fast_Fourier_transform,Algorithm
Cryptanalysis,Modular_arithmetic
Mathematics,Foundations_of_mathematics
Mathematical_model,Integer
Part-of-speech_tagging,Natural_language
Python_(programming_language),Imperative_programming
Scope_(computer_science),Variable_(computer_science)
Cryptography,Computational_complexity_theory
Newton's_method,Mathematical_optimization
Statistical_hypothesis_testing,Probability
Stochastic_process,Probability_theory
Machine_learning,Statistics
Software_development,Computer_science
Ray_tracing_(graphics),Computational_geometry
Parametric_polymorphism,Variable_(computer_science)
Fixed_point_(mathematics),Mathematics
Virtual_memory,Computer_architecture
Computer_science,Logic
JavaScript,Computer_programming
Analysis_of_algorithms,Computer_programming
Software_framework,Control_flow
Query_optimization,Index_(database)
Numerical_analysis,Algorithm
Data_structure,Data_(computing)
Large_deviations_theory,Random_variable
Virtual_reality,Interactivity
CPU_cache,Central_processing_unit
Neural_network,Pattern_recognition
Boundary_value_problem,Nonlinear_system
Dynamic_programming,Recursion
Parallel_computing,Computer_programming
Dynamic_programming,Introduction_to_Algorithms
Relational_database_management_system,Database
Message_passing,Computer_science
Object-oriented_programming,Computer_programming
Web_service,Computer_network
C_(programming_language),Arithmetic
Neural_network,Artificial_intelligence
Random_graph,Probability_theory
Parsing,Lexical_analysis
Graph_theory,Discrete_mathematics
Random_walk,Probability_theory
Prediction,Probability
Algorithm,Integer
User_interface_design,User_interface
Inequality_(mathematics),Integer
Assembly_language,Instruction_set
C++,Floating_point
Context-free_grammar,String_(computer_science)
Programming_style,Computer_programming
Program_optimization,Algorithm
Computer_programming,Computational_science
Graph_(mathematics),Discrete_mathematics
Index_(database),Database
Approximation_algorithm,Computer_science
Prolog,Programming_language
Natural_language_processing,Semantics
Data_analysis,Problem_solving
Assembly_language,Computer_programming
Lisp_(programming_language),Computer_science
Database,Object_(computer_science)
Fast_Fourier_transform,Signal_processing
Volume_rendering,Rendering_(computer_graphics)
Finite-state_machine,Automata_theory
Bayesian_probability,Data
JavaScript,Computer
Computer_animation,Ray_tracing_(graphics)
Data_warehouse,Data
Logic_programming,Computer_science
Machine_translation,Natural_language
Relational_database,Analysis_of_algorithms
Concurrency_control,Computer_programming
Integral,Mathematics
Hidden_Markov_model,Machine_learning
P_versus_NP_problem,Computer_science
Wavelet,Signal_processing
Network_security,Computer_network
Computer_network,Graph_(mathematics)
Machine_learning,Algorithm
Artificial_intelligence,Computer_science
Martingale_(probability_theory),Probability_theory
Monte_Carlo_method,Expected_value
Inference,Probability
Graphical_model,Probability_theory
Deadlock,Computer_multitasking
Calculus,Mathematics
ML_(programming_language),Programming_language
Relational_database_management_system,Relational_model
Computational_geometry,Mathematics
Data_mining,Algorithm
Computer_science,Mathematics
Cryptographic_hash_function,Cryptography
Model_of_computation,Computational_complexity_theory
Theoretical_computer_science,Discrete_mathematics
Amortized_analysis,Data_structure
Finite_element_method,Numerical_analysis
Semidefinite_programming,Linear_programming
Mathematical_optimization,Mathematics
Cryptography,Probability_theory
Debugging,Computer_programming
Software_testing,Control_flow
Dynamic_programming,Algorithm_design
Recommender_system,Machine_learning
User_interface,Computer_programming
Exponential_family,Probability_theory
Dynamic_programming,Mathematics
Run_time_(program_lifecycle_phase),Computer_science
Undecidable_problem,Computer_science
Abstract_data_type,Computer_science
Expert_system,Artificial_intelligence
Cryptanalysis,Algorithm
Time_complexity,Algorithm
Network_security,Security
Relational_database,Database
Artificial_intelligence,Computer
Relational_model,Object_(computer_science)
Virtual_reality,Computer_graphics
Parallel_computing,Time_complexity
File_system,Operating_system
Motion_planning,Robotics
CPU_cache,Performance_tuning
Numerical_analysis,Floating_point
Software_testing,Programming_language
Sufficient_statistic,Random_variable
Database_normalization,Database
Automatic_programming,Computer_science
Hidden_Markov_model,Markov_chain
Spanning_tree,Graph_theory
Compiler,Computer_programming
Stack_(data_structure),Array_data_structure
Assembly_language,Computer
Memory_hierarchy,Computer_architecture
Parsing,Formal_grammar
Routing,Computer_network
Cryptography,Information_security
Cryptographic_hash_function,Encryption
Visualization_(computer_graphics),Mathematics
Database,Computer_science
Rendering_(computer_graphics),Mathematics
Robotics,Software_engineering
C_(programming_language),Programming_language
Machine_learning,Algorithm_design
Lexical_semantics,Semantics
System_programming,Computer
C++,Computer_programming
Statistical_hypothesis_testing,Statistical_inference
Parallel_computing,Computer_science
Computational_complexity_theory,Discrete_mathematics
Inheritance_(object-oriented_programming),Object-oriented_programming
Amortized_analysis,"Best,_worst_and_average_case"
Mathematical_model,Mathematics
Database_management_system,Computer_science
Firewall_(computing),Information_security
Concurrency_control,Computer
Graphical_model,Probability
Algorithm,Computing
Data_structure,Data
Graphical_model,Scientific_modelling
Statistical_hypothesis_testing,Random_variable
Eigenvalues_and_eigenvectors,Matrix_(mathematics)
Bioinformatics,Algorithm
Random_walk,Markov_chain
Functional_programming,Variable_(computer_science)
Debugging,Control_flow
NP-complete,Computer_science
Transaction_processing,Database_management_system
Artificial_intelligence,Computational_science
Statistics,Arithmetic
Numerical_analysis,Eigenvalues_and_eigenvectors
Virtual_memory,Operating_system
Imperative_programming,Programming_language
Pushdown_automaton,Computer_science
Context-free_grammar,Computer_science
Data_type,Programming_language
Algorithm,Computability
Software_engineering,Debugging
Turing_machine,Computer_science
Programming_language,Computer_programming
Parallel_computing,Shared_memory
Numerical_analysis,Approximation
Software_development,Software_engineering
Computer_programming,Data_structure
Abstraction_(computer_science),Computer_programming
Operating_system,Computer_programming
Knowledge_representation_and_reasoning,Algorithm
String_(computer_science),Data_(computing)
Multi-core_processor,Parallel_computing
Parsing,Computer_programming
Algorithm,Logic
Software_engineering,Object-oriented_programming
Software_engineering,Programming_language
3D_computer_graphics,Algorithm
